filename,type,tier
1362355446714732575_1359928536630169902.jpg,,
1362355483272548442_1362354576535326852.png,,
1362355485826613339_1362345938672422933.png,,
1362627443319640124_1359553856442470440.jpg.png,,
1362627492975743127_1355847576473178202.jpg.png,,
1364171081312895027_1364169404140621844.jpg,,
1364981614882459669_kusaMiq.png,,
1367477647252131851_1367475919177912460.jpg,,
1367483122748362784_1367469166537474179.jpg,,
1367483169917370369_1367051209227108415.jpg,,
1370611128715186217_1363937080677498890.jpg,,
1370616128857968671_1368022748701397022.jpg,,
1370616381023846400_1370556003979890709.jpg,,
1371028913651847219_1371028664724226099.png,,
1372162532592062504_1372160631217848370.jpg,,
1372168257162969250_1372168156247883776.jpg,,
1372465101231226911_1351247821029900420.png,,
1372912224208687268_8ceff8d7ae90dc07.jpg,,
1372921253794418761_1372920785425010739.jpg,,
1372930942275944638_1372930816568721409.jpg,,
1373096334864814193_b97363eb4089c000.jpg,,
1373096444281749606_4f2bf5739a6b2cf5.jpg,,
1373096495649390632_0e740ca8ed76a1bc.jpg,,
1373114832424800277_adcccbd752725402.jpg,,
1373114894962004059_c51c6ced61568777.jpg,,
1373156941274288150_1373119189279051776.jpg,,
1373187570229579787_1373186968820650037.jpg,,
1373314285974847632_1373313960685731842.jpg,,
1373314302429233182_1373313979786465372.jpg,,
1373317818820591769_1373315227348762645.jpg,,
1373605986320781416_92e2fab0dcd7e02b.jpg,,
1373606055870726204_46d2c7bc69838b03.jpg,,
1373606239531040809_e5952c6579841ee8.jpg,,
1373606410230693979_b9e4879517c11816.jpg,,
1373606470792253460_c15ad984ebf647f8.jpg,,
1373725225832939713_1373725021519876249.jpg,,
1373992319467913327_1373992181106475159.jpg,,
1373993860665180180_1373993584453226527.jpg,,
1373993879954653254_1373993689126277120.jpg,,
1374013058820608010_1374011395045199914.jpg,,
1374017038770638930_1374016655188824065.png,,
1374036664061530224_1374036349140598955.jpg,,
1374303990921166909_1374303815947517993.jpg,,
1374781068158177363_1374779244122738798.jpg,,
1374820728003891211_1374820573690986546.jpg,,
1375117102414954498_1375095932990918697.jpg,,
1375117166042677381_1375095956164575293.jpg,,
1375122713211047987_1375122344753889310.jpg,,
1375179625042415688_1375179344653193356.jpg,,
1375180342704472226_shortest-letter.jpg,,
1375280595789414440_quote_1375042453438074981.png,,
1375459576953966728_quote_1375380266394062899.png,,
1375764811425644625_1375764631112384602.jpg,,
1375773159407485039_1375772630262743050.jpg,,
1375773159407485039_1375772657387049022.jpg,,
1375793980691972096_1375793766371430502.jpg,,
1375793980691972096_1375793782808641536.jpg,,
1375995814782042204_676a9382036484ad.jpg,,
1376341649260679241_1376341281592184922.jpg,,
1376356892154269806_1376355720890679429.jpg,,
1376498522135859211_1376498155473993729.jpg,,
1376542257985093726_1376540833569833031.jpg,,
1377284217691574374_1748440545917.png,,
1378350928393928726_1378350779584352357.jpg,,
1378655173529960469_1378654872320217129.jpg,,
1378661066828939274_1378660710241800282.jpg,,
1378664082990698556_1378663333837668393.jpg,,
1378669385165705277_1748770793871.png,,
1379433498326208532_1748952970537.png,,
1381722169528029255_image.png,,
1382614769617338420_1749711445402.png,,
1382665604099477545_1382664559642280127.jpg,,
1383732732160512023_1.png,,
1383734746164625450_1347256848356737115.png,,
1383775807964708876_image.png,,
1384464635691925534_1750152488261.png,,
1384470324917174362_f6bd0470f2f12a41.png,,
1386261618526261338_501a2c8acd061e6a6bc2b8bbea2bfee7.jpg,,
1389244620147261672_1389244458226286732.jpg,,
1391319920582852698_1391316305054928987.jpg,,
1392511247336997085_1392510912497455174.jpg,,
1393945297926750401_1376934197838745683.jpg,,
1395280156058325163_1752731108154.png,,
1397060301152845915_1395616015781728328.jpg,,
1397061326844465232_image-52.png,,
1397915332932276275_1397915189575417927.jpg,,
1398926400920227840_image.png,,
1399386199986016296_1399385534098575506.jpg,,
1400143846473728131_image.png,,
1400510692670439485_image.png,,
1401791403498934313_1401791187676954644.jpg,,
1404155978546675763_image.png,,
1406636338031362079_1406636201829732453.jpg,,
1413456150715961344_image.png,,
1413788857882902600_1757143928554.png,,
1414866097554984990_IMG_0496.png,,
1414949117188247572_quote_1414948980496011264.png,,
1416733482758963251_1416733008383184956.jpg,,
1425262742700298321_Screenshot_20251008-082502.png,,
1427964606457974825_1427964365671370923.png,,
1432349604795515011_quote.png,,
1455870669576208405_Screenshot_20251231-192954.png,,
1458325918954029150_Screenshot_20260107-140606.png,,
1458326528843841558_1458326010633261077.jpg,,
1459124944716959825_1767952894002.png,,
1460304447895765204_1768234110259.png,,
1460587468758974548_1460586593134837917.png,,
1460587481203474444_1460586658716979363.png,,
1460587493895176296_1460586815030296607.png,,
1464205019439038527_Screenshot_20260123-192736.png,,
1472384375063711888_1472353970033791248.png,,
1475105123478016162_1472946999564173456.jpg,,
DSCN0738.JPG,,
DSCN0752.JPG,,
DSCN0760.JPG,,
DSCN0763.JPG,,
DSCN0764.JPG,,
DSCN0765.JPG,,
DSCN0767.JPG,,
DSCN0775.JPG,,
DSCN0776.JPG,,
DSCN0777.JPG,,
DSCN0778.JPG,,
DSCN0781.JPG,,
DSCN0786.JPG,,
DSCN0787.JPG,,
DSCN0788.JPG,,
DSCN0789.JPG,,
DSCN0796.JPG,,
DSCN0797.JPG,,
DSCN0798.JPG,,
DSCN0799.JPG,,
DSCN0801.JPG,,
DSCN0802.JPG,,
DSCN0803.JPG,,
DSCN0804.JPG,,
DSCN0805.JPG,,
DSCN0808.JPG,,
DSCN0809.JPG,,
DSCN0811.JPG,,
DSCN0812.JPG,,
DSCN0813.JPG,,
DSCN0814.JPG,,
DSCN0815.JPG,,
DSCN0816.JPG,,
DSCN0818.JPG,,
DSCN0820.JPG,,
DSCN0823.JPG,,
DSCN0824.JPG,,
DSCN0825.JPG,,
DSCN0826.JPG,,
DSCN0827.JPG,,
DSCN0828.JPG,,
DSCN0829.JPG,,
DSCN0830.JPG,,
DSCN0834.JPG,,
DSCN0835.JPG,,
DSCN0836.JPG,,
DSCN0843.JPG,,
DSCN0845.JPG,,
DSCN0846.JPG,,
DSCN0849.JPG,,
DSCN0850.JPG,,
DSCN0861.JPG,,
DSCN0864.JPG,,
DSCN0865.JPG,,
DSCN0866.JPG,,
DSCN0867.JPG,,
DSCN0869.JPG,,
DSCN0870.JPG,,
DSCN0871.JPG,,
DSCN0872.JPG,,
DSCN0873.JPG,,
DSCN0874.JPG,,
DSCN0875.JPG,,
DSCN0876.JPG,,
DSCN0944.JPG,,
DSCN0945.JPG,,
DSCN0946.JPG,,
DSCN0947.JPG,,
DSCN0951.JPG,,
DSCN0952.JPG,,
DSCN0958.JPG,,
DSCN0959.JPG,,
DSCN0963.JPG,,
DSCN0964.JPG,,
DSCN0965.JPG,,
DSCN0966.JPG,,
DSCN0967.JPG,,
DSCN0969.JPG,,
DSCN0970.JPG,,
DSCN0971.JPG,,
DSCN0978.JPG,,
DSCN0979.JPG,,
DSCN0980.JPG,,
DSCN0981.JPG,,
DSCN0982.JPG,,
DSCN0983.JPG,,
DSCN0984.JPG,,
DSCN0985.JPG,,
DSCN0986.JPG,,
DSCN0987.JPG,,
DSCN0988.JPG,,
DSCN0989.JPG,,
DSCN0990.JPG,,
DSCN0991.JPG,,
DSCN1022.JPG,,
DSCN1024.JPG,,
DSCN1025.JPG,,
DSCN1026.JPG,,
DSCN1032.JPG,,
DSCN1032.webp,,
DSCN1077.JPG,,
DSCN1078.JPG,,
DSCN1080.JPG,,
DSCN1081.JPG,,
DSCN1083.JPG,,
DSCN1084.JPG,,
DSCN1087.JPG,,
DSCN1092.JPG,,
DSCN1093.JPG,,
DSCN1094.JPG,,
DSCN1095.JPG,,
DSCN1096.JPG,,
DSCN1097.JPG,,
DSCN1098.JPG,,
DSCN1099.JPG,,
DSCN1103.JPG,,
DSCN1104.JPG,,
DSCN1105.JPG,,
DSCN1106.JPG,,
DSCN1107.JPG,,
DSCN1108.JPG,,
DSCN1109.JPG,,
DSCN1110.JPG,,
DSCN1111.JPG,,
DSCN1115.JPG,,
DSCN1117.JPG,,
DSCN1152.JPG,,
DSCN1153.JPG,,
DSCN1162.JPG,,
DSCN1163.JPG,,
DSCN1164.JPG,,
DSCN1166.JPG,,
DSCN1168.JPG,,
DSCN1169.JPG,,
DSCN1170.JPG,,
DSCN1171.JPG,,
DSCN1175.JPG,,
DSCN1176.JPG,,
DSCN1177.JPG,,
DSCN1178.JPG,,
DSCN1179.JPG,,
DSCN1180.JPG,,
DSCN1181.JPG,,
DSCN1184.JPG,,
DSCN1185torishima.JPG,,
DSCN1186.JPG,,
DSCN1187.JPG,,
DSCN1188.JPG,,
DSCN1189.JPG,,
DSCN1190.JPG,,
DSCN1191.JPG,,
DSCN1193.JPG,,
DSCN1194.JPG,,
DSCN1248.JPG,,
DSCN1274.JPG,,
wallpaperbetter.com_3840x2160_1.jpg,,
